lesson_id,lesson_title,course_id
1,Lesson 1: Topic 1,1
2,Lesson 2: Topic 2,1
3,Lesson 3: Topic 3,1
4,Lesson 4: Topic 4,1
5,Lesson 5: Topic 5,1
6,Lesson 6: Topic 6,1
7,Lesson 7: Topic 7,1
8,Lesson 8: Topic 8,1
9,Lesson 1: Topic 1,2
10,Lesson 2: Topic 2,2
11,Lesson 3: Topic 3,2
12,Lesson 4: Topic 4,2
13,Lesson 5: Topic 5,2
14,Lesson 6: Topic 6,2
15,Lesson 7: Topic 7,2
16,Lesson 8: Topic 8,2
17,Lesson 1: Topic 1,3
18,Lesson 2: Topic 2,3
19,Lesson 3: Topic 3,3
20,Lesson 4: Topic 4,3
21,Lesson 5: Topic 5,3
22,Lesson 6: Topic 6,3
23,Lesson 7: Topic 7,3
24,Lesson 8: Topic 8,3
25,Lesson 1: Topic 1,4
26,Lesson 2: Topic 2,4
27,Lesson 3: Topic 3,4
28,Lesson 4: Topic 4,4
29,Lesson 5: Topic 5,4
30,Lesson 6: Topic 6,4
31,Lesson 7: Topic 7,4
32,Lesson 8: Topic 8,4
33,Lesson 1: Topic 1,5
34,Lesson 2: Topic 2,5
35,Lesson 3: Topic 3,5
36,Lesson 4: Topic 4,5
37,Lesson 5: Topic 5,5
38,Lesson 6: Topic 6,5
39,Lesson 7: Topic 7,5
40,Lesson 8: Topic 8,5
41,Lesson 1: Topic 1,6
42,Lesson 2: Topic 2,6
43,Lesson 3: Topic 3,6
44,Lesson 4: Topic 4,6
45,Lesson 5: Topic 5,6
46,Lesson 6: Topic 6,6
47,Lesson 7: Topic 7,6
48,Lesson 8: Topic 8,6
49,Lesson 1: Topic 1,7
50,Lesson 2: Topic 2,7
51,Lesson 3: Topic 3,7
52,Lesson 4: Topic 4,7
53,Lesson 5: Topic 5,7
54,Lesson 6: Topic 6,7
55,Lesson 7: Topic 7,7
56,Lesson 8: Topic 8,7
57,Lesson 1: Topic 1,8
58,Lesson 2: Topic 2,8
59,Lesson 3: Topic 3,8
60,Lesson 4: Topic 4,8
61,Lesson 5: Topic 5,8
62,Lesson 6: Topic 6,8
63,Lesson 7: Topic 7,8
64,Lesson 8: Topic 8,8
65,Lesson 1: Topic 1,9
66,Lesson 2: Topic 2,9
67,Lesson 3: Topic 3,9
68,Lesson 4: Topic 4,9
69,Lesson 5: Topic 5,9
70,Lesson 6: Topic 6,9
71,Lesson 7: Topic 7,9
72,Lesson 8: Topic 8,9
73,Lesson 1: Topic 1,10
74,Lesson 2: Topic 2,10
75,Lesson 3: Topic 3,10
76,Lesson 4: Topic 4,10
77,Lesson 5: Topic 5,10
78,Lesson 6: Topic 6,10
79,Lesson 7: Topic 7,10
80,Lesson 8: Topic 8,10
81,Lesson 1: Topic 1,11
82,Lesson 2: Topic 2,11
83,Lesson 3: Topic 3,11
84,Lesson 4: Topic 4,11
85,Lesson 5: Topic 5,11
86,Lesson 6: Topic 6,11
87,Lesson 7: Topic 7,11
88,Lesson 8: Topic 8,11
89,Lesson 1: Topic 1,12
90,Lesson 2: Topic 2,12
91,Lesson 3: Topic 3,12
92,Lesson 4: Topic 4,12
93,Lesson 5: Topic 5,12
94,Lesson 6: Topic 6,12
95,Lesson 7: Topic 7,12
96,Lesson 8: Topic 8,12
97,Lesson 1: Topic 1,13
98,Lesson 2: Topic 2,13
99,Lesson 3: Topic 3,13
100,Lesson 4: Topic 4,13
101,Lesson 5: Topic 5,13
102,Lesson 6: Topic 6,13
103,Lesson 7: Topic 7,13
104,Lesson 8: Topic 8,13
105,Lesson 1: Topic 1,14
106,Lesson 2: Topic 2,14
107,Lesson 3: Topic 3,14
108,Lesson 4: Topic 4,14
109,Lesson 5: Topic 5,14
110,Lesson 6: Topic 6,14
111,Lesson 7: Topic 7,14
112,Lesson 8: Topic 8,14
113,Lesson 1: Topic 1,15
114,Lesson 2: Topic 2,15
115,Lesson 3: Topic 3,15
116,Lesson 4: Topic 4,15
117,Lesson 5: Topic 5,15
118,Lesson 6: Topic 6,15
119,Lesson 7: Topic 7,15
120,Lesson 8: Topic 8,15
121,Lesson 1: Topic 1,16
122,Lesson 2: Topic 2,16
123,Lesson 3: Topic 3,16
124,Lesson 4: Topic 4,16
125,Lesson 5: Topic 5,16
126,Lesson 6: Topic 6,16
127,Lesson 7: Topic 7,16
128,Lesson 8: Topic 8,16
129,Lesson 1: Topic 1,17
130,Lesson 2: Topic 2,17
131,Lesson 3: Topic 3,17
132,Lesson 4: Topic 4,17
133,Lesson 5: Topic 5,17
134,Lesson 6: Topic 6,17
135,Lesson 7: Topic 7,17
136,Lesson 8: Topic 8,17
137,Lesson 1: Topic 1,18
138,Lesson 2: Topic 2,18
139,Lesson 3: Topic 3,18
140,Lesson 4: Topic 4,18
141,Lesson 5: Topic 5,18
142,Lesson 6: Topic 6,18
143,Lesson 7: Topic 7,18
144,Lesson 8: Topic 8,18
145,Lesson 1: Topic 1,19
146,Lesson 2: Topic 2,19
147,Lesson 3: Topic 3,19
148,Lesson 4: Topic 4,19
149,Lesson 5: Topic 5,19
150,Lesson 6: Topic 6,19
151,Lesson 7: Topic 7,19
152,Lesson 8: Topic 8,19
153,Lesson 1: Topic 1,20
154,Lesson 2: Topic 2,20
155,Lesson 3: Topic 3,20
156,Lesson 4: Topic 4,20
157,Lesson 5: Topic 5,20
158,Lesson 6: Topic 6,20
159,Lesson 7: Topic 7,20
160,Lesson 8: Topic 8,20
161,Lesson 1: Topic 1,21
162,Lesson 2: Topic 2,21
163,Lesson 3: Topic 3,21
164,Lesson 4: Topic 4,21
165,Lesson 5: Topic 5,21
166,Lesson 6: Topic 6,21
167,Lesson 7: Topic 7,21
168,Lesson 8: Topic 8,21
169,Lesson 1: Topic 1,22
170,Lesson 2: Topic 2,22
171,Lesson 3: Topic 3,22
172,Lesson 4: Topic 4,22
173,Lesson 5: Topic 5,22
174,Lesson 6: Topic 6,22
175,Lesson 7: Topic 7,22
176,Lesson 8: Topic 8,22
177,Lesson 1: Topic 1,23
178,Lesson 2: Topic 2,23
179,Lesson 3: Topic 3,23
180,Lesson 4: Topic 4,23
181,Lesson 5: Topic 5,23
182,Lesson 6: Topic 6,23
183,Lesson 7: Topic 7,23
184,Lesson 8: Topic 8,23
185,Lesson 1: Topic 1,24
186,Lesson 2: Topic 2,24
187,Lesson 3: Topic 3,24
188,Lesson 4: Topic 4,24
189,Lesson 5: Topic 5,24
190,Lesson 6: Topic 6,24
191,Lesson 7: Topic 7,24
192,Lesson 8: Topic 8,24
193,Lesson 1: Topic 1,25
194,Lesson 2: Topic 2,25
195,Lesson 3: Topic 3,25
196,Lesson 4: Topic 4,25
197,Lesson 5: Topic 5,25
198,Lesson 6: Topic 6,25
199,Lesson 7: Topic 7,25
200,Lesson 8: Topic 8,25
201,Lesson 1: Topic 1,26
202,Lesson 2: Topic 2,26
203,Lesson 3: Topic 3,26
204,Lesson 4: Topic 4,26
205,Lesson 5: Topic 5,26
206,Lesson 6: Topic 6,26
207,Lesson 7: Topic 7,26
208,Lesson 8: Topic 8,26
209,Lesson 1: Topic 1,27
210,Lesson 2: Topic 2,27
211,Lesson 3: Topic 3,27
212,Lesson 4: Topic 4,27
213,Lesson 5: Topic 5,27
214,Lesson 6: Topic 6,27
215,Lesson 7: Topic 7,27
216,Lesson 8: Topic 8,27
217,Lesson 1: Topic 1,28
218,Lesson 2: Topic 2,28
219,Lesson 3: Topic 3,28
220,Lesson 4: Topic 4,28
221,Lesson 5: Topic 5,28
222,Lesson 6: Topic 6,28
223,Lesson 7: Topic 7,28
224,Lesson 8: Topic 8,28
225,Lesson 1: Topic 1,29
226,Lesson 2: Topic 2,29
227,Lesson 3: Topic 3,29
228,Lesson 4: Topic 4,29
229,Lesson 5: Topic 5,29
230,Lesson 6: Topic 6,29
231,Lesson 7: Topic 7,29
232,Lesson 8: Topic 8,29
233,Lesson 1: Topic 1,30
234,Lesson 2: Topic 2,30
235,Lesson 3: Topic 3,30
236,Lesson 4: Topic 4,30
237,Lesson 5: Topic 5,30
238,Lesson 6: Topic 6,30
239,Lesson 7: Topic 7,30
240,Lesson 8: Topic 8,30
241,Lesson 1: Topic 1,31
242,Lesson 2: Topic 2,31
243,Lesson 3: Topic 3,31
244,Lesson 4: Topic 4,31
245,Lesson 5: Topic 5,31
246,Lesson 6: Topic 6,31
247,Lesson 7: Topic 7,31
248,Lesson 8: Topic 8,31
249,Lesson 1: Topic 1,32
250,Lesson 2: Topic 2,32
251,Lesson 3: Topic 3,32
252,Lesson 4: Topic 4,32
253,Lesson 5: Topic 5,32
254,Lesson 6: Topic 6,32
255,Lesson 7: Topic 7,32
256,Lesson 8: Topic 8,32
257,Lesson 1: Topic 1,33
258,Lesson 2: Topic 2,33
259,Lesson 3: Topic 3,33
260,Lesson 4: Topic 4,33
261,Lesson 5: Topic 5,33
262,Lesson 6: Topic 6,33
263,Lesson 7: Topic 7,33
264,Lesson 8: Topic 8,33
265,Lesson 1: Topic 1,34
266,Lesson 2: Topic 2,34
267,Lesson 3: Topic 3,34
268,Lesson 4: Topic 4,34
269,Lesson 5: Topic 5,34
270,Lesson 6: Topic 6,34
271,Lesson 7: Topic 7,34
272,Lesson 8: Topic 8,34
273,Lesson 1: Topic 1,35
274,Lesson 2: Topic 2,35
275,Lesson 3: Topic 3,35
276,Lesson 4: Topic 4,35
277,Lesson 5: Topic 5,35
278,Lesson 6: Topic 6,35
279,Lesson 7: Topic 7,35
280,Lesson 8: Topic 8,35
281,Lesson 1: Topic 1,36
282,Lesson 2: Topic 2,36
283,Lesson 3: Topic 3,36
284,Lesson 4: Topic 4,36
285,Lesson 5: Topic 5,36
286,Lesson 6: Topic 6,36
287,Lesson 7: Topic 7,36
288,Lesson 8: Topic 8,36
289,Lesson 1: Topic 1,37
290,Lesson 2: Topic 2,37
291,Lesson 3: Topic 3,37
292,Lesson 4: Topic 4,37
293,Lesson 5: Topic 5,37
294,Lesson 6: Topic 6,37
295,Lesson 7: Topic 7,37
296,Lesson 8: Topic 8,37
297,Lesson 1: Topic 1,38
298,Lesson 2: Topic 2,38
299,Lesson 3: Topic 3,38
300,Lesson 4: Topic 4,38
301,Lesson 5: Topic 5,38
302,Lesson 6: Topic 6,38
303,Lesson 7: Topic 7,38
304,Lesson 8: Topic 8,38
305,Lesson 1: Topic 1,39
306,Lesson 2: Topic 2,39
307,Lesson 3: Topic 3,39
308,Lesson 4: Topic 4,39
309,Lesson 5: Topic 5,39
310,Lesson 6: Topic 6,39
311,Lesson 7: Topic 7,39
312,Lesson 8: Topic 8,39
313,Lesson 1: Topic 1,40
314,Lesson 2: Topic 2,40
315,Lesson 3: Topic 3,40
316,Lesson 4: Topic 4,40
317,Lesson 5: Topic 5,40
318,Lesson 6: Topic 6,40
319,Lesson 7: Topic 7,40
320,Lesson 8: Topic 8,40
321,Lesson 1: Topic 1,41
322,Lesson 2: Topic 2,41
323,Lesson 3: Topic 3,41
324,Lesson 4: Topic 4,41
325,Lesson 5: Topic 5,41
326,Lesson 6: Topic 6,41
327,Lesson 7: Topic 7,41
328,Lesson 8: Topic 8,41
329,Lesson 1: Topic 1,42
330,Lesson 2: Topic 2,42
331,Lesson 3: Topic 3,42
332,Lesson 4: Topic 4,42
333,Lesson 5: Topic 5,42
334,Lesson 6: Topic 6,42
335,Lesson 7: Topic 7,42
336,Lesson 8: Topic 8,42
337,Lesson 1: Topic 1,43
338,Lesson 2: Topic 2,43
339,Lesson 3: Topic 3,43
340,Lesson 4: Topic 4,43
341,Lesson 5: Topic 5,43
342,Lesson 6: Topic 6,43
343,Lesson 7: Topic 7,43
344,Lesson 8: Topic 8,43
345,Lesson 1: Topic 1,44
346,Lesson 2: Topic 2,44
347,Lesson 3: Topic 3,44
348,Lesson 4: Topic 4,44
349,Lesson 5: Topic 5,44
350,Lesson 6: Topic 6,44
351,Lesson 7: Topic 7,44
352,Lesson 8: Topic 8,44
353,Lesson 1: Topic 1,45
354,Lesson 2: Topic 2,45
355,Lesson 3: Topic 3,45
356,Lesson 4: Topic 4,45
357,Lesson 5: Topic 5,45
358,Lesson 6: Topic 6,45
359,Lesson 7: Topic 7,45
360,Lesson 8: Topic 8,45
361,Lesson 1: Topic 1,46
362,Lesson 2: Topic 2,46
363,Lesson 3: Topic 3,46
364,Lesson 4: Topic 4,46
365,Lesson 5: Topic 5,46
366,Lesson 6: Topic 6,46
367,Lesson 7: Topic 7,46
368,Lesson 8: Topic 8,46
369,Lesson 1: Topic 1,47
370,Lesson 2: Topic 2,47
371,Lesson 3: Topic 3,47
372,Lesson 4: Topic 4,47
373,Lesson 5: Topic 5,47
374,Lesson 6: Topic 6,47
375,Lesson 7: Topic 7,47
376,Lesson 8: Topic 8,47
377,Lesson 1: Topic 1,48
378,Lesson 2: Topic 2,48
379,Lesson 3: Topic 3,48
380,Lesson 4: Topic 4,48
381,Lesson 5: Topic 5,48
382,Lesson 6: Topic 6,48
383,Lesson 7: Topic 7,48
384,Lesson 8: Topic 8,48
385,Lesson 1: Topic 1,49
386,Lesson 2: Topic 2,49
387,Lesson 3: Topic 3,49
388,Lesson 4: Topic 4,49
389,Lesson 5: Topic 5,49
390,Lesson 6: Topic 6,49
391,Lesson 7: Topic 7,49
392,Lesson 8: Topic 8,49
393,Lesson 1: Topic 1,50
394,Lesson 2: Topic 2,50
395,Lesson 3: Topic 3,50
396,Lesson 4: Topic 4,50
397,Lesson 5: Topic 5,50
398,Lesson 6: Topic 6,50
399,Lesson 7: Topic 7,50
400,Lesson 8: Topic 8,50
401,Lesson 1: Topic 1,51
402,Lesson 2: Topic 2,51
403,Lesson 3: Topic 3,51
404,Lesson 4: Topic 4,51
405,Lesson 5: Topic 5,51
406,Lesson 6: Topic 6,51
407,Lesson 7: Topic 7,51
408,Lesson 8: Topic 8,51
409,Lesson 1: Topic 1,52
410,Lesson 2: Topic 2,52
411,Lesson 3: Topic 3,52
412,Lesson 4: Topic 4,52
413,Lesson 5: Topic 5,52
414,Lesson 6: Topic 6,52
415,Lesson 7: Topic 7,52
416,Lesson 8: Topic 8,52
417,Lesson 1: Topic 1,53
418,Lesson 2: Topic 2,53
419,Lesson 3: Topic 3,53
420,Lesson 4: Topic 4,53
421,Lesson 5: Topic 5,53
422,Lesson 6: Topic 6,53
423,Lesson 7: Topic 7,53
424,Lesson 8: Topic 8,53
425,Lesson 1: Topic 1,54
426,Lesson 2: Topic 2,54
427,Lesson 3: Topic 3,54
428,Lesson 4: Topic 4,54
429,Lesson 5: Topic 5,54
430,Lesson 6: Topic 6,54
431,Lesson 7: Topic 7,54
432,Lesson 8: Topic 8,54
433,Lesson 1: Topic 1,55
434,Lesson 2: Topic 2,55
435,Lesson 3: Topic 3,55
436,Lesson 4: Topic 4,55
437,Lesson 5: Topic 5,55
438,Lesson 6: Topic 6,55
439,Lesson 7: Topic 7,55
440,Lesson 8: Topic 8,55
441,Lesson 1: Topic 1,56
442,Lesson 2: Topic 2,56
443,Lesson 3: Topic 3,56
444,Lesson 4: Topic 4,56
445,Lesson 5: Topic 5,56
446,Lesson 6: Topic 6,56
447,Lesson 7: Topic 7,56
448,Lesson 8: Topic 8,56
449,Lesson 1: Topic 1,57
450,Lesson 2: Topic 2,57
451,Lesson 3: Topic 3,57
452,Lesson 4: Topic 4,57
453,Lesson 5: Topic 5,57
454,Lesson 6: Topic 6,57
455,Lesson 7: Topic 7,57
456,Lesson 8: Topic 8,57
457,Lesson 1: Topic 1,58
458,Lesson 2: Topic 2,58
459,Lesson 3: Topic 3,58
460,Lesson 4: Topic 4,58
461,Lesson 5: Topic 5,58
462,Lesson 6: Topic 6,58
463,Lesson 7: Topic 7,58
464,Lesson 8: Topic 8,58
465,Lesson 1: Topic 1,59
466,Lesson 2: Topic 2,59
467,Lesson 3: Topic 3,59
468,Lesson 4: Topic 4,59
469,Lesson 5: Topic 5,59
470,Lesson 6: Topic 6,59
471,Lesson 7: Topic 7,59
472,Lesson 8: Topic 8,59
473,Lesson 1: Topic 1,60
474,Lesson 2: Topic 2,60
475,Lesson 3: Topic 3,60
476,Lesson 4: Topic 4,60
477,Lesson 5: Topic 5,60
478,Lesson 6: Topic 6,60
479,Lesson 7: Topic 7,60
480,Lesson 8: Topic 8,60
481,Lesson 1: Topic 1,61
482,Lesson 2: Topic 2,61
483,Lesson 3: Topic 3,61
484,Lesson 4: Topic 4,61
485,Lesson 5: Topic 5,61
486,Lesson 6: Topic 6,61
487,Lesson 7: Topic 7,61
488,Lesson 8: Topic 8,61
489,Lesson 1: Topic 1,62
490,Lesson 2: Topic 2,62
491,Lesson 3: Topic 3,62
492,Lesson 4: Topic 4,62
493,Lesson 5: Topic 5,62
494,Lesson 6: Topic 6,62
495,Lesson 7: Topic 7,62
496,Lesson 8: Topic 8,62
497,Lesson 1: Topic 1,63
498,Lesson 2: Topic 2,63
499,Lesson 3: Topic 3,63
500,Lesson 4: Topic 4,63
501,Lesson 5: Topic 5,63
502,Lesson 6: Topic 6,63
503,Lesson 7: Topic 7,63
504,Lesson 8: Topic 8,63
505,Lesson 1: Topic 1,64
506,Lesson 2: Topic 2,64
507,Lesson 3: Topic 3,64
508,Lesson 4: Topic 4,64
509,Lesson 5: Topic 5,64
510,Lesson 6: Topic 6,64
511,Lesson 7: Topic 7,64
512,Lesson 8: Topic 8,64
513,Lesson 1: Topic 1,65
514,Lesson 2: Topic 2,65
515,Lesson 3: Topic 3,65
516,Lesson 4: Topic 4,65
517,Lesson 5: Topic 5,65
518,Lesson 6: Topic 6,65
519,Lesson 7: Topic 7,65
520,Lesson 8: Topic 8,65
521,Lesson 1: Topic 1,66
522,Lesson 2: Topic 2,66
523,Lesson 3: Topic 3,66
524,Lesson 4: Topic 4,66
525,Lesson 5: Topic 5,66
526,Lesson 6: Topic 6,66
527,Lesson 7: Topic 7,66
528,Lesson 8: Topic 8,66
529,Lesson 1: Topic 1,67
530,Lesson 2: Topic 2,67
531,Lesson 3: Topic 3,67
532,Lesson 4: Topic 4,67
533,Lesson 5: Topic 5,67
534,Lesson 6: Topic 6,67
535,Lesson 7: Topic 7,67
536,Lesson 8: Topic 8,67
537,Lesson 1: Topic 1,68
538,Lesson 2: Topic 2,68
539,Lesson 3: Topic 3,68
540,Lesson 4: Topic 4,68
541,Lesson 5: Topic 5,68
542,Lesson 6: Topic 6,68
543,Lesson 7: Topic 7,68
544,Lesson 8: Topic 8,68
545,Lesson 1: Topic 1,69
546,Lesson 2: Topic 2,69
547,Lesson 3: Topic 3,69
548,Lesson 4: Topic 4,69
549,Lesson 5: Topic 5,69
550,Lesson 6: Topic 6,69
551,Lesson 7: Topic 7,69
552,Lesson 8: Topic 8,69
553,Lesson 1: Topic 1,70
554,Lesson 2: Topic 2,70
555,Lesson 3: Topic 3,70
556,Lesson 4: Topic 4,70
557,Lesson 5: Topic 5,70
558,Lesson 6: Topic 6,70
559,Lesson 7: Topic 7,70
560,Lesson 8: Topic 8,70
561,Lesson 1: Topic 1,71
562,Lesson 2: Topic 2,71
563,Lesson 3: Topic 3,71
564,Lesson 4: Topic 4,71
565,Lesson 5: Topic 5,71
566,Lesson 6: Topic 6,71
567,Lesson 7: Topic 7,71
568,Lesson 8: Topic 8,71
569,Lesson 1: Topic 1,72
570,Lesson 2: Topic 2,72
571,Lesson 3: Topic 3,72
572,Lesson 4: Topic 4,72
573,Lesson 5: Topic 5,72
574,Lesson 6: Topic 6,72
575,Lesson 7: Topic 7,72
576,Lesson 8: Topic 8,72
577,Lesson 1: Topic 1,73
578,Lesson 2: Topic 2,73
579,Lesson 3: Topic 3,73
580,Lesson 4: Topic 4,73
581,Lesson 5: Topic 5,73
582,Lesson 6: Topic 6,73
583,Lesson 7: Topic 7,73
584,Lesson 8: Topic 8,73
585,Lesson 1: Topic 1,74
586,Lesson 2: Topic 2,74
587,Lesson 3: Topic 3,74
588,Lesson 4: Topic 4,74
589,Lesson 5: Topic 5,74
590,Lesson 6: Topic 6,74
591,Lesson 7: Topic 7,74
592,Lesson 8: Topic 8,74
593,Lesson 1: Topic 1,75
594,Lesson 2: Topic 2,75
595,Lesson 3: Topic 3,75
596,Lesson 4: Topic 4,75
597,Lesson 5: Topic 5,75
598,Lesson 6: Topic 6,75
599,Lesson 7: Topic 7,75
600,Lesson 8: Topic 8,75
601,Lesson 1: Topic 1,76
602,Lesson 2: Topic 2,76
603,Lesson 3: Topic 3,76
604,Lesson 4: Topic 4,76
605,Lesson 5: Topic 5,76
606,Lesson 6: Topic 6,76
607,Lesson 7: Topic 7,76
608,Lesson 8: Topic 8,76
609,Lesson 1: Topic 1,77
610,Lesson 2: Topic 2,77
611,Lesson 3: Topic 3,77
612,Lesson 4: Topic 4,77
613,Lesson 5: Topic 5,77
614,Lesson 6: Topic 6,77
615,Lesson 7: Topic 7,77
616,Lesson 8: Topic 8,77
617,Lesson 1: Topic 1,78
618,Lesson 2: Topic 2,78
619,Lesson 3: Topic 3,78
620,Lesson 4: Topic 4,78
621,Lesson 5: Topic 5,78
622,Lesson 6: Topic 6,78
623,Lesson 7: Topic 7,78
624,Lesson 8: Topic 8,78
625,Lesson 1: Topic 1,79
626,Lesson 2: Topic 2,79
627,Lesson 3: Topic 3,79
628,Lesson 4: Topic 4,79
629,Lesson 5: Topic 5,79
630,Lesson 6: Topic 6,79
631,Lesson 7: Topic 7,79
632,Lesson 8: Topic 8,79
633,Lesson 1: Topic 1,80
634,Lesson 2: Topic 2,80
635,Lesson 3: Topic 3,80
636,Lesson 4: Topic 4,80
637,Lesson 5: Topic 5,80
638,Lesson 6: Topic 6,80
639,Lesson 7: Topic 7,80
640,Lesson 8: Topic 8,80
641,Lesson 1: Topic 1,81
642,Lesson 2: Topic 2,81
643,Lesson 3: Topic 3,81
644,Lesson 4: Topic 4,81
645,Lesson 5: Topic 5,81
646,Lesson 6: Topic 6,81
647,Lesson 7: Topic 7,81
648,Lesson 8: Topic 8,81
649,Lesson 1: Topic 1,82
650,Lesson 2: Topic 2,82
651,Lesson 3: Topic 3,82
652,Lesson 4: Topic 4,82
653,Lesson 5: Topic 5,82
654,Lesson 6: Topic 6,82
655,Lesson 7: Topic 7,82
656,Lesson 8: Topic 8,82
657,Lesson 1: Topic 1,83
658,Lesson 2: Topic 2,83
659,Lesson 3: Topic 3,83
660,Lesson 4: Topic 4,83
661,Lesson 5: Topic 5,83
662,Lesson 6: Topic 6,83
663,Lesson 7: Topic 7,83
664,Lesson 8: Topic 8,83
665,Lesson 1: Topic 1,84
666,Lesson 2: Topic 2,84
667,Lesson 3: Topic 3,84
668,Lesson 4: Topic 4,84
669,Lesson 5: Topic 5,84
670,Lesson 6: Topic 6,84
671,Lesson 7: Topic 7,84
672,Lesson 8: Topic 8,84
673,Lesson 1: Topic 1,85
674,Lesson 2: Topic 2,85
675,Lesson 3: Topic 3,85
676,Lesson 4: Topic 4,85
677,Lesson 5: Topic 5,85
678,Lesson 6: Topic 6,85
679,Lesson 7: Topic 7,85
680,Lesson 8: Topic 8,85
681,Lesson 1: Topic 1,86
682,Lesson 2: Topic 2,86
683,Lesson 3: Topic 3,86
684,Lesson 4: Topic 4,86
685,Lesson 5: Topic 5,86
686,Lesson 6: Topic 6,86
687,Lesson 7: Topic 7,86
688,Lesson 8: Topic 8,86
689,Lesson 1: Topic 1,87
690,Lesson 2: Topic 2,87
691,Lesson 3: Topic 3,87
692,Lesson 4: Topic 4,87
693,Lesson 5: Topic 5,87
694,Lesson 6: Topic 6,87
695,Lesson 7: Topic 7,87
696,Lesson 8: Topic 8,87
697,Lesson 1: Topic 1,88
698,Lesson 2: Topic 2,88
699,Lesson 3: Topic 3,88
700,Lesson 4: Topic 4,88
701,Lesson 5: Topic 5,88
702,Lesson 6: Topic 6,88
703,Lesson 7: Topic 7,88
704,Lesson 8: Topic 8,88
705,Lesson 1: Topic 1,89
706,Lesson 2: Topic 2,89
707,Lesson 3: Topic 3,89
708,Lesson 4: Topic 4,89
709,Lesson 5: Topic 5,89
710,Lesson 6: Topic 6,89
711,Lesson 7: Topic 7,89
712,Lesson 8: Topic 8,89
713,Lesson 1: Topic 1,90
714,Lesson 2: Topic 2,90
715,Lesson 3: Topic 3,90
716,Lesson 4: Topic 4,90
717,Lesson 5: Topic 5,90
718,Lesson 6: Topic 6,90
719,Lesson 7: Topic 7,90
720,Lesson 8: Topic 8,90
721,Lesson 1: Topic 1,91
722,Lesson 2: Topic 2,91
723,Lesson 3: Topic 3,91
724,Lesson 4: Topic 4,91
725,Lesson 5: Topic 5,91
726,Lesson 6: Topic 6,91
727,Lesson 7: Topic 7,91
728,Lesson 8: Topic 8,91
729,Lesson 1: Topic 1,92
730,Lesson 2: Topic 2,92
731,Lesson 3: Topic 3,92
732,Lesson 4: Topic 4,92
733,Lesson 5: Topic 5,92
734,Lesson 6: Topic 6,92
735,Lesson 7: Topic 7,92
736,Lesson 8: Topic 8,92
737,Lesson 1: Topic 1,93
738,Lesson 2: Topic 2,93
739,Lesson 3: Topic 3,93
740,Lesson 4: Topic 4,93
741,Lesson 5: Topic 5,93
742,Lesson 6: Topic 6,93
743,Lesson 7: Topic 7,93
744,Lesson 8: Topic 8,93
745,Lesson 1: Topic 1,94
746,Lesson 2: Topic 2,94
747,Lesson 3: Topic 3,94
748,Lesson 4: Topic 4,94
749,Lesson 5: Topic 5,94
750,Lesson 6: Topic 6,94
751,Lesson 7: Topic 7,94
752,Lesson 8: Topic 8,94
753,Lesson 1: Topic 1,95
754,Lesson 2: Topic 2,95
755,Lesson 3: Topic 3,95
756,Lesson 4: Topic 4,95
757,Lesson 5: Topic 5,95
758,Lesson 6: Topic 6,95
759,Lesson 7: Topic 7,95
760,Lesson 8: Topic 8,95
761,Lesson 1: Topic 1,96
762,Lesson 2: Topic 2,96
763,Lesson 3: Topic 3,96
764,Lesson 4: Topic 4,96
765,Lesson 5: Topic 5,96
766,Lesson 6: Topic 6,96
767,Lesson 7: Topic 7,96
768,Lesson 8: Topic 8,96
769,Lesson 1: Topic 1,97
770,Lesson 2: Topic 2,97
771,Lesson 3: Topic 3,97
772,Lesson 4: Topic 4,97
773,Lesson 5: Topic 5,97
774,Lesson 6: Topic 6,97
775,Lesson 7: Topic 7,97
776,Lesson 8: Topic 8,97
777,Lesson 1: Topic 1,98
778,Lesson 2: Topic 2,98
779,Lesson 3: Topic 3,98
780,Lesson 4: Topic 4,98
781,Lesson 5: Topic 5,98
782,Lesson 6: Topic 6,98
783,Lesson 7: Topic 7,98
784,Lesson 8: Topic 8,98
785,Lesson 1: Topic 1,99
786,Lesson 2: Topic 2,99
787,Lesson 3: Topic 3,99
788,Lesson 4: Topic 4,99
789,Lesson 5: Topic 5,99
790,Lesson 6: Topic 6,99
791,Lesson 7: Topic 7,99
792,Lesson 8: Topic 8,99
793,Lesson 1: Topic 1,100
794,Lesson 2: Topic 2,100
795,Lesson 3: Topic 3,100
796,Lesson 4: Topic 4,100
797,Lesson 5: Topic 5,100
798,Lesson 6: Topic 6,100
799,Lesson 7: Topic 7,100
800,Lesson 8: Topic 8,100
801,Lesson 1: Topic 1,101
802,Lesson 2: Topic 2,101
803,Lesson 3: Topic 3,101
804,Lesson 4: Topic 4,101
805,Lesson 5: Topic 5,101
806,Lesson 6: Topic 6,101
807,Lesson 7: Topic 7,101
808,Lesson 8: Topic 8,101
809,Lesson 1: Topic 1,102
810,Lesson 2: Topic 2,102
811,Lesson 3: Topic 3,102
812,Lesson 4: Topic 4,102
813,Lesson 5: Topic 5,102
814,Lesson 6: Topic 6,102
815,Lesson 7: Topic 7,102
816,Lesson 8: Topic 8,102
817,Lesson 1: Topic 1,103
818,Lesson 2: Topic 2,103
819,Lesson 3: Topic 3,103
820,Lesson 4: Topic 4,103
821,Lesson 5: Topic 5,103
822,Lesson 6: Topic 6,103
823,Lesson 7: Topic 7,103
824,Lesson 8: Topic 8,103
825,Lesson 1: Topic 1,104
826,Lesson 2: Topic 2,104
827,Lesson 3: Topic 3,104
828,Lesson 4: Topic 4,104
829,Lesson 5: Topic 5,104
830,Lesson 6: Topic 6,104
831,Lesson 7: Topic 7,104
832,Lesson 8: Topic 8,104
833,Lesson 1: Topic 1,105
834,Lesson 2: Topic 2,105
835,Lesson 3: Topic 3,105
836,Lesson 4: Topic 4,105
837,Lesson 5: Topic 5,105
838,Lesson 6: Topic 6,105
839,Lesson 7: Topic 7,105
840,Lesson 8: Topic 8,105
841,Lesson 1: Topic 1,106
842,Lesson 2: Topic 2,106
843,Lesson 3: Topic 3,106
844,Lesson 4: Topic 4,106
845,Lesson 5: Topic 5,106
846,Lesson 6: Topic 6,106
847,Lesson 7: Topic 7,106
848,Lesson 8: Topic 8,106
849,Lesson 1: Topic 1,107
850,Lesson 2: Topic 2,107
851,Lesson 3: Topic 3,107
852,Lesson 4: Topic 4,107
853,Lesson 5: Topic 5,107
854,Lesson 6: Topic 6,107
855,Lesson 7: Topic 7,107
856,Lesson 8: Topic 8,107
857,Lesson 1: Topic 1,108
858,Lesson 2: Topic 2,108
859,Lesson 3: Topic 3,108
860,Lesson 4: Topic 4,108
861,Lesson 5: Topic 5,108
862,Lesson 6: Topic 6,108
863,Lesson 7: Topic 7,108
864,Lesson 8: Topic 8,108
865,Lesson 1: Topic 1,109
866,Lesson 2: Topic 2,109
867,Lesson 3: Topic 3,109
868,Lesson 4: Topic 4,109
869,Lesson 5: Topic 5,109
870,Lesson 6: Topic 6,109
871,Lesson 7: Topic 7,109
872,Lesson 8: Topic 8,109
873,Lesson 1: Topic 1,110
874,Lesson 2: Topic 2,110
875,Lesson 3: Topic 3,110
876,Lesson 4: Topic 4,110
877,Lesson 5: Topic 5,110
878,Lesson 6: Topic 6,110
879,Lesson 7: Topic 7,110
880,Lesson 8: Topic 8,110
881,Lesson 1: Topic 1,111
882,Lesson 2: Topic 2,111
883,Lesson 3: Topic 3,111
884,Lesson 4: Topic 4,111
885,Lesson 5: Topic 5,111
886,Lesson 6: Topic 6,111
887,Lesson 7: Topic 7,111
888,Lesson 8: Topic 8,111
889,Lesson 1: Topic 1,112
890,Lesson 2: Topic 2,112
891,Lesson 3: Topic 3,112
892,Lesson 4: Topic 4,112
893,Lesson 5: Topic 5,112
894,Lesson 6: Topic 6,112
895,Lesson 7: Topic 7,112
896,Lesson 8: Topic 8,112
897,Lesson 1: Topic 1,113
898,Lesson 2: Topic 2,113
899,Lesson 3: Topic 3,113
900,Lesson 4: Topic 4,113
901,Lesson 5: Topic 5,113
902,Lesson 6: Topic 6,113
903,Lesson 7: Topic 7,113
904,Lesson 8: Topic 8,113
905,Lesson 1: Topic 1,114
906,Lesson 2: Topic 2,114
907,Lesson 3: Topic 3,114
908,Lesson 4: Topic 4,114
909,Lesson 5: Topic 5,114
910,Lesson 6: Topic 6,114
911,Lesson 7: Topic 7,114
912,Lesson 8: Topic 8,114
913,Lesson 1: Topic 1,115
914,Lesson 2: Topic 2,115
915,Lesson 3: Topic 3,115
916,Lesson 4: Topic 4,115
917,Lesson 5: Topic 5,115
918,Lesson 6: Topic 6,115
919,Lesson 7: Topic 7,115
920,Lesson 8: Topic 8,115
921,Lesson 1: Topic 1,116
922,Lesson 2: Topic 2,116
923,Lesson 3: Topic 3,116
924,Lesson 4: Topic 4,116
925,Lesson 5: Topic 5,116
926,Lesson 6: Topic 6,116
927,Lesson 7: Topic 7,116
928,Lesson 8: Topic 8,116
929,Lesson 1: Topic 1,117
930,Lesson 2: Topic 2,117
931,Lesson 3: Topic 3,117
932,Lesson 4: Topic 4,117
933,Lesson 5: Topic 5,117
934,Lesson 6: Topic 6,117
935,Lesson 7: Topic 7,117
936,Lesson 8: Topic 8,117
937,Lesson 1: Topic 1,118
938,Lesson 2: Topic 2,118
939,Lesson 3: Topic 3,118
940,Lesson 4: Topic 4,118
941,Lesson 5: Topic 5,118
942,Lesson 6: Topic 6,118
943,Lesson 7: Topic 7,118
944,Lesson 8: Topic 8,118
945,Lesson 1: Topic 1,119
946,Lesson 2: Topic 2,119
947,Lesson 3: Topic 3,119
948,Lesson 4: Topic 4,119
949,Lesson 5: Topic 5,119
950,Lesson 6: Topic 6,119
951,Lesson 7: Topic 7,119
952,Lesson 8: Topic 8,119
953,Lesson 1: Topic 1,120
954,Lesson 2: Topic 2,120
955,Lesson 3: Topic 3,120
956,Lesson 4: Topic 4,120
957,Lesson 5: Topic 5,120
958,Lesson 6: Topic 6,120
959,Lesson 7: Topic 7,120
960,Lesson 8: Topic 8,120
